<?xml version="1.0" encoding="UTF-8"?>
<!DOCTYPE generatorConfiguration
        PUBLIC "-//mybatis.org//DTD MyBatis Generator Configuration 1.0//EN"
        "http://mybatis.org/dtd/mybatis-generator-config_1_0.dtd">

<generatorConfiguration>
    <properties resource="application.properties"/>

    <context id="Mysql" targetRuntime="MyBatis3Simple" defaultModelType="flat">
        <property name="beginningDelimiter" value="`"/>
        <property name="endingDelimiter" value="`"/>

        <plugin type="tk.mybatis.mapper.generator.MapperPlugin">
            <property name="mappers" value="com.dazk.common.util.DeviceMapper"/>
        </plugin>

        <jdbcConnection driverClass="${druid.driver-class}"
                        connectionURL="${druid.url}"
                        userId="${druid.username}"
                        password="${druid.password}">
        </jdbcConnection>

        <javaModelGenerator targetPackage="com.dazk.db.model" targetProject="src/main/java"/>

        <sqlMapGenerator targetPackage="com.dazk.db.dao" targetProject="src/main/java"/>

        <javaClientGenerator targetPackage="com.dazk.db.dao" targetProject="src/main/java"
                             type="XMLMAPPER"/>

        <table tableName="%">
            <!--mysql 配置-->
            <generatedKey column="id" sqlStatement="Mysql" identity="true"/>
            <!--oracle 配置-->
            <!--<generatedKey column="id" sqlStatement="select SEQ_{1}.nextval from dual" identity="false" type="pre"/>-->
        </table>
    </context>
</generatorConfiguration>